Code,Title,Credits,Prereqs,Day,Begin,End,Division,Term,Professor
WRTG 105-04,What Is Human Nature?,4.0,,MW,1230 PM,145 PM,WRTG,Fall,Adam Stauffer
WRTG 105-06,"Being Homo Sapiens: The Brain, The Mind, The Heart and Full Catastrophe",4.0,,TR,1230 PM,145 PM,WRTG,Fall,Stella Wang
WRTG 105-08,Video Games & Play,4.0,,MW,200 PM,315 PM,WRTG,Fall,Kristana Textor
WRTG 105-10,Venturing Out: Making Meaning and Finding Adventure in the Outdoors,4.0,,TR,940 AM,1055 AM,WRTG,Fall,Justin Coyne
WRTG 105-11,Queer and Trans* Narratives: From Memoire to Metaphor,4.0,,TR,325 PM,440 PM,WRTG,Fall,Liam Kusmierek
WRTG 105-13,Realms of Fantasy,4.0,,MW,900 AM,1015 AM,WRTG,Fall,Daniel Kephart
WRTG 105-14,"Man, Machine, and Morality",4.0,,MW,1230 PM,145 PM,WRTG,Fall,James Otis
WRTG 105-15,Belonging,4.0,,TR,940 AM,1055 AM,WRTG,Fall,Xinyue Wang
WRTG 105-16,Impacts of Engineering,4.0,,TR,1105 AM,1220 PM,WRTG,Fall,Lisabeth Tinelli
WRTG 105-19,American Horror Stories,4.0,,TR,940 AM,1055 AM,WRTG,Fall,Dustin Hannum
WRTG 105-20,"""Reality"" TV",4.0,,MW,325 PM,440 PM,WRTG,Fall,Claire Becker
WRTG 105-21,"Utopia on the Page, in Practice, and in Theory",4.0,,MW,325 PM,440 PM,WRTG,Fall,Claire Corbeaux
WRTG 105-23,The Role of Aesthetics in Sympathy,4.0,,MW,1230 PM,145 PM,WRTG,Fall,Yash Chitrakar
WRTG 105-24,Citizenship: Concepts and Experiences,4.0,,MW,1025 AM,1140 AM,WRTG,Fall,Huimin Li
WRTG 105-27,AI and Education,4.0,,TR,325 PM,440 PM,WRTG,Fall,One Mushi
WRTG 105-30,The Meaning of Life,4.0,,TR,940 AM,1055 AM,WRTG,Fall,Adam Stauffer
WRTG 105-31,American Horror Stories,4.0,,TR,1105 AM,1220 PM,WRTG,Fall,Dustin Hannum
WRTG 105-32,What is Human Nature?,4.0,,MW,1025 AM,1140 AM,WRTG,Fall,Adam Stauffer
WRTG 105-33,Uncertainty,4.0,,TR,200 PM,315 PM,WRTG,Fall,Kathryn Phillips
WRTG 105-34,Problems in Authority and Expertise,4.0,,MW,615 PM,730 PM,WRTG,Fall,Rob Rich
WRTG 105-35,Venturing Out: Making Meaning and Finding Adventure in the Outdoors,4.0,,TR,1230 PM,145 PM,WRTG,Fall,Justin Coyne
WRTG 105-37,Monsters Everywhere,4.0,,TR,940 AM,1055 AM,WRTG,Fall,Harry Golborn
WRTG 105-39,A Beast of a Trope: Examining the Beauty and the Beast Trope in Media,4.0,,TR,200 PM,315 PM,WRTG,Fall,Abbie Boudreaux
WRTG 105-41,The Values and Ethics of Language,4.0,,TR,200 PM,315 PM,WRTG,Fall,Zachary Barber
WRTG 105-42,Comics and Culture,4.0,,MW,200 PM,315 PM,WRTG,Fall,Karl Mohn
WRTG 105-43,Our Different Mirrors: Multitude in the American Experience,4.0,,MW,450 PM,605 PM,WRTG,Fall,Micah Williams
WRTG 105-44,"“Posthuman” Future: The Intersection of A.I., Identity, and Ethics",4.0,,MW,1150 AM,105 PM,WRTG,Fall,Adma Gama-Krummel
WRTG 105-45,"Writing, Photography and Artificial Intelligence",4.0,,MW,1150 AM,105 PM,WRTG,Fall,Md Mamunur Rashid
WRTG 105-46,Know Thyself: The Idea of Humanity,4.0,,MW,450 PM,605 PM,WRTG,Fall,Diana Davis
WRTG 105-47,The Self-Help Genre: From Confucius to Contemporary Culture,4.0,,TR,325 PM,440 PM,WRTG,Fall,Abdullah Shaikh
WRTG 105-49,Korean Popular Culture on the Global Stage,4.0,,MW,900 AM,1015 AM,WRTG,Fall,Michael Ormsbee
WRTG 105-50,Dis/Enchantment,4.0,,MW,1150 AM,105 PM,WRTG,Fall,Michael Ormsbee
WRTG 105-51,Telling Stories on the Internet,4.0,,MW,200 PM,315 PM,WRTG,Fall,Michael Ormsbee
WRTG 105-52,Let's Do the Time Warp Again,4.0,,MW,1025 AM,1140 AM,WRTG,Fall,Emily Lowman
WRTG 105-53,Let's Do the Time Warp Again,4.0,,MW,1150 AM,105 PM,WRTG,Fall,Emily Lowman
WRTG 105-02,Citizenship: Concepts and Experiences,4.0,,MW,1025 AM,1140 AM,WRTG,Spring,Huimin Li
WRTG 105-03,Expression at Large: The Arts in the Age of Social Media,4.0,,MW,450 PM,605 PM,WRTG,Spring,Orisa Morrice
WRTG 105-04,Academic Writing and the Ethics of Language,4.0,,TR,940 AM,1055 AM,WRTG,Spring,Zachary Barber
WRTG 105-05,Monsters Everywhere,4.0,,TR,940 AM,1055 AM,WRTG,Spring,Harry Golborn
WRTG 105-06,Being Homo Sapiens,4.0,,TR,1230 PM,145 PM,WRTG,Spring,Stella Wang
WRTG 105-07,"Utopia on the Page, in Practice, and in Theory",4.0,,MW,325 PM,440 PM,WRTG,Spring,Claire Corbeaux
WRTG 105-08,Queer and Trans* Narratives: From Memoire to Metaphor,4.0,,TR,940 AM,1055 AM,WRTG,Spring,Liam Kusmierek
WRTG 105-09,Our Different Mirrors: Multitude in the American Experience,4.0,,MW,450 PM,605 PM,WRTG,Spring,Micah Williams
WRTG 105-10,Venturing Out: Making Meaning and Finding Adventure in the Outdoors,4.0,,MW,900 AM,1015 AM,WRTG,Spring,Justin Coyne
WRTG 105-12,Being Homo Sapiens,4.0,,TR,325 PM,440 PM,WRTG,Spring,Stella Wang
WRTG 105-13,Unraveling Urban Spaces,4.0,,MW,1025 AM,1140 AM,WRTG,Spring,Solveiga Armoskaite
WRTG 105-14,A Beast of a Trope: Examining the Beauty and the Beast Trope in Media,4.0,,TR,200 PM,315 PM,WRTG,Spring,Abbie Boudreaux
WRTG 105-16,Video Games & Play,4.0,,TR,325 PM,440 PM,WRTG,Spring,Kristana Textor
WRTG 105-17,Impacts of Engineering,4.0,,MW,1150 AM,105 PM,WRTG,Spring,Lisabeth Tinelli
WRTG 105-19,American Horror Stories,4.0,,TR,940 AM,1055 AM,WRTG,Spring,Dustin Hannum
WRTG 105-20,The Self-Help Genre,4.0,,TR,325 PM,440 PM,WRTG,Spring,Abdullah Shaikh
WRTG 105-21,Expression at Large: The Arts in the Age of Social Media,4.0,,TR,200 PM,315 PM,WRTG,Spring,Orisa Morrice
WRTG 105-22,Let’s Talk Emotions,4.0,,MW,900 AM,1015 AM,WRTG,Spring,Solveiga Armoskaite
WRTG 105-23,"“Posthuman” Future: The Intersection of A.I., Identity, and Ethics",4.0,,MW,1025 AM,1140 AM,WRTG,Spring,Adma Gama-Krummel
WRTG 105-24,AI and Education,4.0,,TR,1105 AM,1220 PM,WRTG,Spring,One Mushi
WRTG 105-25,Dis/Enchantment,4.0,,MW,1150 AM,105 PM,WRTG,Spring,Michael Ormsbee
WRTG 105-26,Expression at Large: The Arts in the Age of Social Media,4.0,,TR,450 PM,605 PM,WRTG,Spring,Orisa Morrice
WRTG 105-27,Language as Window into Mind,4.0,,TR,200 PM,315 PM,WRTG,Spring,Whitney Gegg-Harrison
WRTG 105-28,Telling Stories on the Internet,4.0,,MW,200 PM,315 PM,WRTG,Spring,Michael Ormsbee
WRTG 105-29,Know Thyself: The Idea of Humanity,4.0,,MW,450 PM,605 PM,WRTG,Spring,Diana Davis
WRTG 105-30,Korean Popular Culture on the Global Stage,4.0,,MW,900 AM,1015 AM,WRTG,Spring,Michael Ormsbee
WRTG 105-31,American Horror Stories,4.0,,TR,1105 AM,1220 PM,WRTG,Spring,Dustin Hannum
WRTG 105-32,What is Human Nature?,4.0,,TR,940 AM,1055 AM,WRTG,Spring,Adam Stauffer
WRTG 105-33,"Writing, Photography and Artificial Intelligence",4.0,,TR,1230 PM,145 PM,WRTG,Spring,Md Mamunur Rashid
WRTG 105-34,Let's Do the Time Warp Again,4.0,,MW,325 PM,440 PM,WRTG,Spring,Emily Lowman
WRTG 105-35,Venturing Out: Making Meaning and Finding Adventure in the Outdoors,4.0,,MW,1150 AM,105 PM,WRTG,Spring,Justin Coyne
WRTG 105-36,Realms of Fantasy,4.0,,MW,900 AM,1015 AM,WRTG,Spring,Daniel Kephart
WRTG 105-37,Friendship,4.0,,TR,1105 AM,1220 PM,WRTG,Spring,Joey Kingsley
WRTG 105-38,Thinking about Thinking: The Human Brain at Work,4.0,,MW,1025 AM,1140 AM,WRTG,Spring,Suzanne Woodring
WRTG 105-39,"""Reality"" TV",4.0,,TR,200 PM,315 PM,WRTG,Spring,Claire Becker
WRTG 105-41,"Man, Machine, and Morality",4.0,,MW,1150 AM,105 PM,WRTG,Spring,James Otis
WRTG 105-42,Impacts of Engineering,4.0,,MW,200 PM,315 PM,WRTG,Spring,Lisabeth Tinelli
WRTG 105-43,Venturing Out: Making Meaning and Finding Adventure in the Outdoors,4.0,,MW,200 PM,315 PM,WRTG,Spring,Justin Coyne
WRTG 105-44,Comics and Culture,4.0,,TR,1105 AM,1220 PM,WRTG,Spring,Karl Mohn
WRTG 105-45,Comics and Culture,4.0,,TR,200 PM,315 PM,WRTG,Spring,Karl Mohn
WRTG 105-46,“Getting Back” to Nature: The Relationship between Humans and the Natural World,4.0,,TR,1230 PM,145 PM,WRTG,Spring,Ashley Conklin
WRTG 105-47,Let's Do the Time Warp Again,4.0,,MW,200 PM,315 PM,WRTG,Spring,Emily Lowman
WRTG 105-48,Uncertainty,4.0,,TR,940 AM,1055 AM,WRTG,Spring,Kathryn Phillips
WRTG 105-49,Problems in Authority and Expertise,4.0,,MW,615 PM,730 PM,WRTG,Spring,Rob Rich
WRTG 105-50,“Getting Back” to Nature: The Relationship between Humans and the Natural World,4.0,,TR,940 AM,1055 AM,WRTG,Spring,Ashley Conklin
WRTG 105-51,The Values and Ethics of Language,4.0,,TR,200 PM,315 PM,WRTG,Spring,Zachary Barber
WRTG 105-52,The Role of Aesthetics in Sympathy,4.0,,MW,1230 PM,145 PM,WRTG,Spring,Yash Chitrakar
WRTG 105-53,Attention ‘Matters’,4.0,,MW,1150 AM,105 PM,WRTG,Spring,Debarati Choudhury
CSC 131-1,Recreational Graphics,4.0,,TR,1105 AM,1220 PM,NSE,Fall,Thaddeus Pawlicki
CSC 161-1,Introduction to Programming,4.0,,TR,1105 AM,1220 PM,NSE,Fall,Monika Polak
CSC 170-1,Introduction to Web Development,4.0,,TR,1105 AM,1220 PM,NSE,Fall,Eustrat Zhupa
CSC 171-1,Introduction to Computer Science,4.0,,MW,1025 AM,1140 AM,NSE,Fall,Adam Purtee
CSC 172-1,Data Structures & Algorithms,4.0,"CSC 171, MATH 150",TR,940 AM,1055 AM,NSE,Fall,Thaddeus Pawlicki
CSC 173-1,Computation & Formal Systems,4.0,"CSC 171, MATH 150",MW,200 PM,315 PM,NSE,Fall,George Ferguson
CSC 212-1,Human Computer Interaction,4.0,"CSC 172, CSC 242",TR,1105 AM,1220 PM,NSE,Fall,Yukang Yan
CSC 214-1,Mobile App Development,4.0,CSC 172,TR,615 PM,730 PM,NSE,Fall,Arthur Roolfs
CSC 216-01,AR/VR Design,4.0,"CSC 214, CSC 172",TR,940 AM,1055 AM,NSE,Fall,Zhen Bai
CSC 240-1,Data Mining,4.0,"CSC 171, CSC 172, MATH 161",TR,325 PM,440 PM,NSE,Fall,Cantay Caliskan
CSC 242-1,Introduction to Artificial Intelligence,4.0,"CSC 172, MTH 150",TR,325 PM,440 PM,NSE,Fall,Thaddeus Pawlicki
CSC 245-01,Deep Learning,4.0,"CSC 164, CSC 165, CSC 172",TR,940 AM,1055 AM,NSE,Fall,Chenliang Xu
CSC 246-1,Machine Learning,4.0,"MATH 161, MATH 162, MATH 165",TR,1105 AM,1220 PM,NSE,Fall,Adam Purtee
CSC 252-01,Computer Organization,4.0,"MATH 150, CSC 172",MW,325 PM,440 PM,NSE,Fall,Yanan Guo
CSC 253-01,Collaborative Programming and Software Design,4.0,"CSC 172, CSC 252",MW,325 PM,440 PM,NSE,Fall,Chen Ding
CSC 254-1,Programming Language Design & Implementation,4.0,"CSC 173, CSC 252",MW,1025 AM,1140 AM,NSE,Fall,George Ferguson
CSC 256-1,Operating Systems,4.0,CSC 252,TR,200 PM,315 PM,NSE,Fall,John Criswell
CSC 257-1,Computer Networks,4.0,CSC 252,MW,450 PM,605 PM,NSE,Fall,Andrew Read-McFarland
CSC 259-1,Computer Imaging & Graphics,4.0,,WF,1150 AM,105 PM,NSE,Fall,Yuhao Zhu
CSC 261-1,Database Systems,4.0,CSC 172,MW,1230 PM,145 PM,NSE,Fall,Eustrat Zhupa
CSC 273W-1,Writing for Computer Science,2.0,,R,200 PM,315 PM,NSE,Fall,Joseph Loporcaro
CSC 273W-2,Writing for Computer Science,2.0,,T,450 PM,605 PM,NSE,Fall,Joseph Loporcaro
CSC 277-01,End-To-End Deep Learning,4.0,CSC 242,TR,325 PM,440 PM,NSE,Fall,Christopher Kanan
CSC 279-1,Computational Geometry,4.0,CSC 172,MW,900 AM,1015 AM,NSE,Fall,Daniel Stefankovic
CSC 280-01,Computer Models &Limitations,4.0,,MW,200 PM,315 PM,NSE,Fall,Kaave Hosseini
CSC 281-1,Intro to Cryptography,4.0,"CSC 280, MATH 150",MW,900 AM,1015 AM,NSE,Fall,Andrew Read-McFarland
CSC 282-01,Design & Analysis of Efficient Algorithms,4.0,"CSC 172, MATH 150",TR,1105 AM,1220 PM,NSE,Fall,Daniel Stefankovic
CSC 284-1,Advanced Algorithms,4.0,,MW,450 PM,605 PM,NSE,Fall,Kaave Hosseini
CSC 290-1,Topics in Systems: Machine Learning Systems,4.0,CSC 252,MW,900 AM,1015 AM,NSE,Fall,Sreepathi Pai
CSC 299W-1,Social Implications of Computing,4.0,,MW,325 PM,440 PM,NSE,Fall,Joseph Loporcaro
CSC 412-1,Human Computer Interaction,4.0,,TR,1105 AM,1220 PM,NSE,Fall,Yukang Yan
CSC 413-01,Introduction to Augmented and Virtual Reality,4.0,,MW,200 PM,315 PM,NSE,Fall,Mujdat Cetin
CSC 416-01,AR/VR Interaction Design,4.0,"CSC 172, CSC 214",TR,940 AM,1055 AM,NSE,Fall,Zhen Bai
CSC 435-1,Optimization for Machine Learning,4.0,,TR,940 AM,1055 AM,NSE,Fall,Jiaming Liang
CSC 440-01,Data Mining,4.0,,TR,200 PM,315 PM,NSE,Fall,Monika Polak
CSC 441-01,Intro to Computational Neuroscience,4.0,,TR,1230 PM,145 PM,NSE,Fall,Ralf Haefner
CSC 442-1,Artificial Intelligence,4.0,,TR,1105 AM,1220 PM,NSE,Fall,Jian Kang
CSC 445-01,Deep Learning,4.0,"CSC 172, MATH 164, MATH 165",TR,940 AM,1055 AM,NSE,Fall,Chenliang Xu
CSC 452-01,Computer Organization,4.0,"MATH 150, CSC 172",MW,325 PM,440 PM,NSE,Fall,Yanan Guo
CSC 453-01,Collaborative Programming and Software Design,4.0,"CSC 172, CSC 252",MW,325 PM,440 PM,NSE,Fall,Chen Ding
CSC 454-01,Prog Language Design & Imp.,4.0,,MW,1025 AM,1140 AM,NSE,Fall,George Ferguson
CSC 456-1,Operating Systems,4.0,,TR,200 PM,315 PM,NSE,Fall,John Criswell
CSC 457-1,Computer Networks,4.0,,MW,450 PM,605 PM,NSE,Fall,Andrew Read-McFarland
CSC 459-1,Computer Imaging & Graphics,4.0,,WF,1150 AM,105 PM,NSE,Fall,Yuhao Zhu
CSC 461-1,Database Systems,4.0,,MW,1230 PM,145 PM,NSE,Fall,Eustrat Zhupa
CSC 462-1,Computational Introduction to Statistics,4.0,"MATH 150, MATH 161",TR,450 PM,605 PM,NSE,Fall,Anson Kahng
CSC 474-1,Quantum Information Processing,4.0,MATH 165,MW,450 PM,605 PM,NSE,Fall,Gaurav Sharma
CSC 477-01,End-To-End Deep Learning,4.0,CSC 242,TR,325 PM,440 PM,NSE,Fall,Christopher Kanan
CSC 479-1,Computational Geometry,4.0,CSC 172,MW,900 AM,1015 AM,NSE,Fall,Daniel Stefankovic
CSC 480-01,Computer Models & Limitations,4.0,"CSC 173, MATH 150",MW,200 PM,315 PM,NSE,Fall,Kaave Hosseini
CSC 481-1,Intro to Cryptography,4.0,"CSC 280, MATH 150",MW,900 AM,1015 AM,NSE,Fall,Andrew Read-McFarland
CSC 482-01,Design & Analysis of Efficient Algorithms,4.0,"CSC 172, MATH 150",TR,1105 AM,1220 PM,NSE,Fall,Daniel Stefankovic
CSC 484-1,Advanced Algorithms,4.0,CSC 482,MW,450 PM,605 PM,NSE,Fall,Kaave Hosseini
CSC 511-01,Large Language Models,4.0,"CSC 247, CSC 245, CSC 266, CSC 277, CSC 246",MW,900 AM,1015 AM,NSE,Fall,Hangfeng He
CSC 571-01,Topics in Systems: Machine Learning Systems,4.0,,MW,900 AM,1015 AM,NSE,Fall,Sreepathi Pai
CSC 161-1,Introduction to Programming,4.0,,TR,450 PM,605 PM,NSE,Spring,Andrew Read-McFarland
CSC 170-1,Introduction to Web Development,4.0,,TR,1105 AM,1220 PM,NSE,Spring,Eustrat Zhupa
CSC 171-1,Introduction to Computer Science,4.0,,TR,200 PM,315 PM,NSE,Spring,Adam Purtee
CSC 172-1,Data Structures & Algorithms,4.0,"CSC 171, MATH 150",TR,1105 AM,1220 PM,NSE,Spring,Monika Polak
CSC 173-1,Computation & Formal Systems,4.0,"CSC 171, MATH 150",TR,200 PM,315 PM,NSE,Spring,George Ferguson
CSC 186-1,Video Game Development,4.0,,TR,1105 AM,1220 PM,NSE,Spring,Thaddeus Pawlicki
CSC 200-1,Undergraduate Problem Seminar,4.0,"CSC 171, MATH 150, CSC 172, CSC 173",MW,450 PM,605 PM,NSE,Spring,Fatemeh Nargesian
CSC 200H-1,Honors Undergraduate Problem Seminar,4.0,"CSC 171, MATH 150, CSC 172, CSC 173",MW,450 PM,605 PM,NSE,Spring,Fatemeh Nargesian
CSC 210-1,Web Programming,4.0,CSC 172,MW,200 PM,315 PM,NSE,Spring,Andrew Read-McFarland
CSC 211-01,Introduction to HCI,4.0,CSC 172,TR,1230 PM,145 PM,NSE,Spring,Zhen Bai
CSC 214-1,Mobile App Development,4.0,CSC 172,TR,615 PM,730 PM,NSE,Spring,Arthur Roolfs
CSC 229-01,Computer Models of Perception & Cognition,4.0,"MATH 161, MATH 162, CSC 161",TR,1105 AM,1220 PM,NSE,Spring,Robert Jacobs
CSC 240-1,Data Mining,4.0,"CSC 171, CSC 172, MATH 161",TR,450 PM,605 PM,NSE,Spring,Jian Kang
CSC 242-1,Introduction to Artificial Intelligence,4.0,"CSC 172, MTH 150",TR,940 AM,1055 AM,NSE,Spring,Yukang Yan
CSC 246-1,Machine Learning,4.0,"MATH 161, MATH 162, MATH 165",TR,1105 AM,1220 PM,NSE,Spring,Adam Purtee
CSC 247-01,Natural Language Processing,4.0,"CSC 172, CSC 242",MW,1025 AM,1140 AM,NSE,Spring,Hangfeng He
CSC 249-1,Machine Vision,4.0,"MATH 161, CSC 242",TR,940 AM,1055 AM,NSE,Spring,Chenliang Xu
CSC 251-1,Advanced Computer Architecture,4.0,"MATH 150, CSC 172",TR,200 PM,315 PM,NSE,Spring,Michael Huang
CSC 252-1,Computer Organization,4.0,,WF,325 PM,440 PM,NSE,Spring,Yuhao Zhu
CSC 254-1,Programming Language Design & Implementation,4.0,"CSC 173, CSC 252",TR,325 PM,440 PM,NSE,Spring,Michael Scott
CSC 255-1,Software Analysis & Improv,4.0,CSC 252,MW,1025 AM,1140 AM,NSE,Spring,Sreepathi Pai
CSC 258-1,Parallel & Distributed Systems,4.0,,MW,325 PM,440 PM,NSE,Spring,Andrew Read-McFarland
CSC 261-1,Database Systems,4.0,CSC 172,MW,1025 AM,1140 AM,NSE,Spring,Eustrat Zhupa
CSC 263-1,Data Management Systems,4.0,"CSC 173, CSC 252",MW,900 AM,1015 AM,NSE,Spring,Fatemeh Nargesian
CSC 273W-1,Writing for Computer Science,2.0,,T,450 PM,605 PM,NSE,Spring,Joseph Loporcaro
CSC 273W-2,Writing for Computer Science,2.0,,R,200 PM,315 PM,NSE,Spring,Joseph Loporcaro
CSC 278-1,Computer Security Foundations,4.0,CSC 252,MW,615 PM,730 PM,NSE,Spring,John Criswell
CSC 280-1,Computer Models & Limitations,4.0,"CSC 173, MATH 150",MW,200 PM,315 PM,NSE,Spring,Monika Polak
CSC 282-1,Design & Analysis Efficient Algorithms,4.0,"CSC 172, MATH 150",TR,940 AM,1055 AM,NSE,Spring,Eustrat Zhupa
CSC 283-1,Topics in Cryptography,4.0,CSC 281,MW,900 AM,1015 AM,NSE,Spring,Monika Polak
CSC 285-01,Gems of Algorithms and Elections,4.0,,MW,450 PM,605 PM,NSE,Spring,Lane Hemaspaandra
CSC 286-1,Computational Complexity,4.0,CSC 280,MW,200 PM,315 PM,NSE,Spring,Lane Hemaspaandra
CSC 294-01,Nonlinear Optimization,4.0,"MATH 164, MATH 165",TR,200 PM,315 PM,NSE,Spring,Jiaming Liang
CSC 295-1,Quantum Computing,4.0,"CSC 161, CSC 171",TR,1230 PM,145 PM,NSE,Spring,Thaddeus Pawlicki
CSC 297-01,Great Ideas in Computer Science,4.0,CSC 286,TR,940 AM,1055 AM,NSE,Spring,George Ferguson
CSC 299W-1,Social Implications of Computing - W,4.0,,MW,325 PM,440 PM,NSE,Spring,Joseph Loporcaro
CSC 402-1,Network Science Analysis,4.0,"MATH 164, MATH 165",MW,325 PM,440 PM,NSE,Spring,Gonzalo Mateos Buckstein
CSC 410-01,Optimization Seminar,4.0,,TR,940 AM,1055 AM,NSE,Spring,Daniel Gildea
CSC 440-1,Data Mining,4.0,,TR,450 PM,605 PM,NSE,Spring,Jian Kang
CSC 446-1,Machine Learning,4.0,,TR,1105 AM,1220 PM,NSE,Spring,Daniel Gildea
CSC 447-01,Natural Language Processing,4.0,"CSC 172, CSC 242",MW,1025 AM,1140 AM,NSE,Spring,Hangfeng He
CSC 449-1,Machine Vision,4.0,"MATH 161, CSC 242",TR,940 AM,1055 AM,NSE,Spring,Chenliang Xu
CSC 451-1,Advncd Computer Architecture,4.0,,TR,200 PM,315 PM,NSE,Spring,Michael Huang
CSC 452-1,Computer Organization,4.0,,WF,325 PM,440 PM,NSE,Spring,Yuhao Zhu
CSC 454-1,Programming Language Design & Implementation,4.0,,TR,325 PM,440 PM,NSE,Spring,Michael Scott
CSC 455-1,Software Analysis & Improv,4.0,,MW,1025 AM,1140 AM,NSE,Spring,Sreepathi Pai
CSC 458-1,Parallel & Distributed Systems,4.0,,MW,325 PM,440 PM,NSE,Spring,Andrew Read-McFarland
CSC 461-1,Database Systems,4.0,,MW,1025 AM,1140 AM,NSE,Spring,Eustrat Zhupa
CSC 463-1,Data Management Systems,4.0,,MW,900 AM,1015 AM,NSE,Spring,Fatemeh Nargesian
CSC 478-1,Computer Security Foundations,4.0,CSC 252,MW,615 PM,730 PM,NSE,Spring,John Criswell
CSC 480-1,Computer Models & Limitations,4.0,"CSC 173, MATH 150",MW,200 PM,315 PM,NSE,Spring,Monika Polak
CSC 482-1,Design & Analysis Efficient Algorithms,4.0,"CSC 172, MATH 150",TR,940 AM,1055 AM,NSE,Spring,Eustrat Zhupa
CSC 483-1,Topics in Cryptography,4.0,,MW,900 AM,1015 AM,NSE,Spring,Monika Polak
CSC 485-01,Gems of Algorithms and Elections,4.0,,MW,450 PM,605 PM,NSE,Spring,Lane Hemaspaandra
CSC 486-1,Computational Complexity,4.0,,MW,200 PM,315 PM,NSE,Spring,Lane Hemaspaandra
CSC 579-02,Logic Foundation and Machine-checked Proofs,2.0,,R,940 AM,1055 AM,NSE,Spring,Chen Ding
CSC 597-1,Computer Science Colloquium,4.0,,M,1150 AM,105 PM,NSE,Spring,Anson Kahng
ECON 108-1,Principles of Economics,4.0,,MWF,900 AM,950 AM,SOC,Fall,Michael Rizzo
ECON 108-2,Principles of Economics,4.0,,MWF,1025 AM,1115 AM,SOC,Fall,Michael Rizzo
ECON 207-01,Intermediate Microeconomics,4.0,ECON 108,TR,325 PM,440 PM,SOC,Fall,Daria Bottan
ECON 207-02,Intermediate Microeconomics,4.0,ECON 108,TR,200 PM,315 PM,SOC,Fall,Daria Bottan
ECON 207-09,Intermediate Microeconomics,4.0,ECON 108,MW,1025 AM,1140 AM,SOC,Fall,Mark Bils
ECON 208W-01,Topics in Microecon Theory,4.0,ECON 208,MW,325 PM,440 PM,SOC,Fall,Steven Landsburg
ECON 209-01,Intermediate Macroeconomics,4.0,ECON 108,MW,1025 AM,1140 AM,SOC,Fall,Hamid Firooz
ECON 209-02,Intermediate Macroeconomics,4.0,ECON 108,MW,900 AM,1015 AM,SOC,Fall,Hamid Firooz
ECON 209-05,Intermediate Macroeconomics,4.0,ECON 108,TR,940 AM,1055 AM,SOC,Fall,Christopher Sleet
ECON 214-01,Economic Theory of Organizations,4.0,ECON 207,MW,900 AM,1015 AM,SOC,Fall,Gerard Wedig
ECON 214-02,Econ Theory of Organizations,4.0,ECON 207,MW,1230 PM,145 PM,SOC,Fall,Gerard Wedig
ECON 214W-01,Econ Theory of Organizations,4.0,ECON 214,MW,900 AM,1015 AM,SOC,Fall,Gerard Wedig
ECON 214W-02,Econ Theory of Organizations,4.0,ECON 214,MW,1230 PM,145 PM,SOC,Fall,Gerard Wedig
ECON 220W-1,Fair Allocation,4.0,,TR,1230 PM,145 PM,SOC,Fall,William Thomson
ECON 223-01,Labor Markets,4.0,,MW,1230 PM,145 PM,SOC,Fall,Sadhika Bagga
ECON 223W-01,Labor Economics,4.0,,MW,1230 PM,145 PM,SOC,Fall,Sadhika Bagga
ECON 230-01,Economic Statistics,4.0,,TR,1105 AM,1220 PM,SOC,Fall,Nese Yildiz
ECON 231W-1,Econometrics,4.0,"MATH 161, ECON 207",MW,1150 AM,105 PM,SOC,Fall,Ronni Pavan
ECON 231W-2,Econometrics,4.0,"MATH 161, ECON 207",MW,200 PM,315 PM,SOC,Fall,Ronni Pavan
ECON 238-1,Environmental Economics,4.0,ECON 108,TR,1105 AM,1220 PM,SOC,Fall,Michael Rizzo
ECON 238W-1,Environmental Economics,4.0,ECON 238,TR,1105 AM,1220 PM,SOC,Fall,Michael Rizzo
ECON 270-1,International Macroeconomics,4.0,ECON 207,MW,200 PM,315 PM,SOC,Fall,Luis Rafael Guntin Wernik
ECON 270W-1,International Macroeconomics,4.0,ECON 270,MW,200 PM,315 PM,SOC,Fall,Luis Rafael Guntin Wernik
ECON 271-1,Behavioral Economics,4.0,ECON 207,TR,200 PM,315 PM,SOC,Fall,Asen Kochov
ECON 271W-1,Behavioral Economics,4.0,ECON 271,TR,200 PM,315 PM,SOC,Fall,Asen Kochov
ECON 288-1,Game Theory,4.0,,TR,940 AM,1055 AM,SOC,Fall,Paulo Barelli
ECON 288W-1,Game Theory,4.0,,TR,940 AM,1055 AM,SOC,Fall,Paulo Barelli
ECON 471-01,Modern Value Theory I,4.0,,TR,1105 AM,1220 PM,SOC,Fall,Asen Kochov; Paulo Barelli
ECON 481-1,Intro to Math Economics,4.0,,MW,145 PM,300 PM,SOC,Fall,Srihari Govindan
ECON 484-01,Math Stats/Econometrics,4.0,,MW,1030 AM,1145 AM,SOC,Fall,Nese Yildiz
ECON 501-3,Labor Economics,4.0,,F,130 PM,430 PM,SOC,Fall,Lisa Kahn
ECON 507-1,Theory Workshop I,5.0,,W,330 PM,500 PM,SOC,Fall,Paulo Barelli
ECON 511-01,International Trade I,2.0,,W,515 PM,800 PM,SOC,Fall,Luis Rafael Guntin Wernik
ECON 512-1,International Trade II,2.0,,R,515 PM,800 PM,SOC,Fall,Gaston Chaumont
ECON 518-01,Econometrics II,4.0,,WF,1150 AM,105 PM,SOC,Fall,Yukun Ma
ECON 521-01,Advanced Economic Theory I,4.0,,R,500 PM,730 PM,SOC,Fall,Asen Kochov; Yu Awaya
ECON 524-1,Game Theory & Econ Mech,4.0,,M,1230 PM,400 PM,SOC,Fall,William Thomson
ECON 531-1,Macroeconomic Workshop,5.0,,M,330 PM,500 PM,SOC,Fall,Gaston Chaumont
ECON 534-1,Topics in Macroeconomics,2.0,,M,1200 PM,130 PM,SOC,Fall,Yan Bai
ECON 535-01,Topics in Macroeconomics II,2.0,,W,515 PM,800 PM,SOC,Fall,Luis Rafael Guntin Wernik
ECON 537-1,Computational Methods in Macroeconomics,2.0,,T,430 PM,730 PM,SOC,Fall,Matias Moretti
ECON 546-1,Economics Student Seminar,4.0,,R,1230 PM,145 PM,SOC,Fall,Luis Rafael Guntin Wernik
ECON 547-1,Econometrics Workshop,5.0,,R,330 PM,500 PM,SOC,Fall,Nese Yildiz
ECON 551-1,Applied Economics Workshop,5.0,,T,330 PM,500 PM,SOC,Fall,Ronni Pavan
ECON 568-1,Quantitative Analysis in International Trade,4.0,,M,900 AM,1145 AM,SOC,Fall,Fernando Parro
ECON 571-1,Readings in Macroeconomics,2.0,,F,1115 AM,1215 PM,SOC,Fall,Mark Bils
ECON 572-1,Readings in Game Theory,2.0,,T,500 PM,630 PM,SOC,Fall,Paulo Barelli
ECON 573-1,Readings Applied Economics,2.0,,T,1230 PM,145 PM,SOC,Fall,Ronni Pavan
ECON 574-02,Econometrics Reading Group II,2.0,,T,1230 PM,145 PM,SOC,Fall,Nese Yildiz
ECON 577-1,Readings in Education,2.0,,F,1000 AM,1115 AM,SOC,Fall,Iris Vrioni
ECON 578-1,Readings in intl Economics,2.0,,W,1215 PM,130 PM,SOC,Fall,George Alessandria
ECON 588-1,Prof Economic Communication,2.0,,W,200 PM,330 PM,SOC,Fall,William Thomson
ECON 108-1,Principles of Economics,4.0,,TR,1230 PM,145 PM,SOC,Spring,Daria Bottan
ECON 108-2,Principles of Economics,4.0,,TR,1105 AM,1220 PM,SOC,Spring,Daria Bottan
ECON 207-1,Intermediate Microeconomics,4.0,ECON 108,TR,1105 AM,1220 PM,SOC,Spring,Michael Rizzo
ECON 207-15,Intermediate Microeconomics,4.0,ECON 108,TR,325 PM,440 PM,SOC,Spring,Srihari Govindan
ECON 207-2,Intermediate Microeconomics,4.0,ECON 108,TR,1230 PM,145 PM,SOC,Spring,Michael Rizzo
ECON 209-1,Intermediate Macroeconomics,4.0,ECON 207,MW,1025 AM,1140 AM,SOC,Spring,Christopher Sleet
ECON 209-2,Intermediate Macroeconomics,4.0,ECON 207,MW,900 AM,1015 AM,SOC,Spring,Eugenio Gonzalez Flores
ECON 211-02,"Money, Credit & Banking",4.0,,MW,1025 AM,1140 AM,SOC,Spring,Emma Ko
ECON 214-2,Econ Theory of Organizations,4.0,ECON 207,TR,1230 PM,145 PM,SOC,Spring,Michael Raith
ECON 224-1,Economics of Sports,4.0,,MW,200 PM,315 PM,SOC,Spring,Michael Rizzo
ECON 224W-1,Sports and Economics,4.0,,MW,200 PM,315 PM,SOC,Spring,Michael Rizzo
ECON 231W-1,Econometrics,4.0,"MATH 161, ECON 207",MW,1230 PM,145 PM,SOC,Spring,Chunya Bu
ECON 231W-2,Econometrics,4.0,"MATH 161, ECON 207",MW,900 AM,1015 AM,SOC,Spring,Iris Vrioni
ECON 236-1,Health Economics,4.0,,MW,200 PM,315 PM,SOC,Spring,Samuel Ogie
ECON 251-1,Industrial Organization,4.0,,MW,1230 PM,145 PM,SOC,Spring,Yu Awaya
ECON 263-01,Public Economics,4.0,,TR,1230 PM,145 PM,SOC,Spring,Estefano Roberto Rubio Salinas
ECON 268-1,Economics of Globalization,4.0,ECON 108,TR,1105 AM,1220 PM,SOC,Spring,Gaston Chaumont
ECON 268W-1,Economics of Globalization,4.0,,TR,1105 AM,1220 PM,SOC,Spring,Gaston Chaumont
ECON 275-1,Development Economics,4.0,,TR,940 AM,1055 AM,SOC,Spring,Travis Baseler
ECON 275W-1,Development Economics,4.0,,TR,940 AM,1055 AM,SOC,Spring,Travis Baseler
ECON 288-01,Game Theory,4.0,,MW,325 PM,440 PM,SOC,Spring,Anastassios Kalandrakis
ECON 289W-1,ECO Research and Comm,4.0,"ECON 207, ECON 231W",F,1025 AM,105 PM,SOC,Spring,Sudhir Singh
ECON 472-1,Modern Value Theory,4.0,,TR,915 AM,1055 AM,SOC,Spring,Yu Awaya; Paulo Barelli
ECON 476-1,Macroeconomics II,4.0,,MW,200 PM,315 PM,SOC,Spring,Gaston Chaumont; Christopher Sleet
ECON 482-1,Math Economics,2.0,,TR,200 PM,315 PM,SOC,Spring,Srihari Govindan
ECON 485-1,Intro to Econometrics I,2.0,,MW,1000 AM,1115 AM,SOC,Spring,Bin Chen
ECON 486-1,Intro to Econometrics II,2.0,,MW,1000 AM,1115 AM,SOC,Spring,Bin Chen
ECON 487-1,Applied Econometrics,2.0,,F,100 PM,410 PM,SOC,Spring,Lisa Kahn
ECON 492-1,Mathematical Economics III,2.0,,MW,1200 AM,1201 AM,SOC,Spring,Srihari Govindan
ECON 503-1,Labor Economics II,4.0,,TR,930 AM,1045 AM,SOC,Spring,Ronni Pavan
ECON 506-2,Top in Labor & Development,3.0,,MW,1200 AM,1201 AM,SOC,Spring,Travis Baseler
ECON 508-1,Theory Workshop II,5.0,,W,330 PM,500 PM,SOC,Spring,Paulo Barelli
ECON 512-2,International Trade II,2.0,,M,1215 PM,145 PM,SOC,Spring,George Alessandria
ECON 513-1,International Economics I,2.0,,M,500 PM,750 PM,SOC,Spring,Yan Bai
ECON 532-1,Macroeconomics Workshop II,5.0,,M,330 PM,500 PM,SOC,Spring,Mark Bils
ECON 534-1,Topics in Macroeconomics I,2.0,,T,1245 PM,330 PM,SOC,Spring,Christopher Sleet
ECON 536-1,Topics in Macroeconomics III,2.0,,T,1245 PM,330 PM,SOC,Spring,Sadhika Bagga
ECON 548-1,Econometrics Workshop II,5.0,,R,330 PM,530 PM,SOC,Spring,Nese Yildiz
ECON 552-1,Applied Workshop II,5.0,,T,330 PM,500 PM,SOC,Spring,Ronni Pavan
ECON 570-1,International Macroeconomics,2.0,,T,430 PM,720 PM,SOC,Spring,Matias Moretti
ECON 571-1,Macroeconomics Reading Group II,2.0,,F,1045 AM,1200 PM,SOC,Spring,Mark Bils
ECON 572-1,Theory Reading Group II,2.0,,T,530 PM,700 PM,SOC,Spring,Paulo Barelli
ECON 573-1,Applied Reading Group II,2.0,,T,1230 PM,145 PM,SOC,Spring,Ronni Pavan
ECON 574-1,Econometrics Reading Group II,2.0,,T,100 PM,200 PM,SOC,Spring,Nese Yildiz
ECON 578-1,International Reading Group II,2.0,,W,1215 PM,145 PM,SOC,Spring,George Alessandria
MATH 140-1,Foundations of Calculus,4.0,,MW,1025 AM,1140 AM,NSE,Fall,Donovan Snyder
MATH 141-1,Calculus I,4.0,,TR,200 PM,315 PM,NSE,Fall,Ophelia Adams
MATH 141-2,Calculus I,4.0,,MW,200 PM,315 PM,NSE,Fall,Kalyani Madhu
MATH 141-21,Calculus I,4.0,,TR,940 AM,1055 AM,NSE,Fall,Ahmad Almomani
MATH 141-3,Calculus I,4.0,,MW,1025 AM,1140 AM,NSE,Fall,Kalyani Madhu
MATH 141-4,Calculus I,4.0,,MW,900 AM,1015 AM,NSE,Fall,Pablo Bhowmik
MATH 142-1,Calculus II,4.0,MATH 141,MW,325 PM,440 PM,NSE,Fall,FNU Anudeep Kumar
MATH 142-2,Calculus II,4.0,MATH 141,MW,900 AM,1015 AM,NSE,Fall,Wei-Cheng Huang
MATH 143-1,Calculus III,4.0,"MATH 141, MATH 142",MW,1025 AM,1140 AM,NSE,Fall,Kiera Harmatz-Kean
MATH 143-2,Calculus III,4.0,"MATH 141, MATH 142",TR,200 PM,315 PM,NSE,Fall,Amanda Tucker
MATH 150-1,Discrete Mathematics,4.0,,MW,200 PM,315 PM,NSE,Fall,Matthew Dannenberg
MATH 150-3,Discrete Mathematics,4.0,,MW,1230 PM,145 PM,NSE,Fall,Matthew Dannenberg
MATH 150-4,Discrete Mathematics,4.0,,TR,200 PM,315 PM,NSE,Fall,Ahmad Almomani
MATH 150-5,Discrete Mathematics,4.0,,MW,450 PM,605 PM,NSE,Fall,Hari Nathan
MATH 161-24,Calculus IA,4.0,,MW,1025 AM,1140 AM,NSE,Fall,John Lin
MATH 161-3,Calculus IA,4.0,,MW,900 AM,1015 AM,NSE,Fall,Woongbae Park
MATH 161-32,Calculus IA,4.0,,TR,200 PM,315 PM,NSE,Fall,Hari Rau-Murthy
MATH 161-4,Calculus IA,4.0,,TR,940 AM,1055 AM,NSE,Fall,Mark Herman
MATH 161-5,Calculus IA,4.0,,MW,200 PM,315 PM,NSE,Fall,Surena Hozoori
MATH 162-01,Calculus IIA,4.0,MATH 161,MW,900 AM,1015 AM,NSE,Fall,Nathanael Grand
MATH 162-02,Calculus IIA,4.0,MATH 161,MW,1025 AM,1140 AM,NSE,Fall,Douglas Ravenel
MATH 162-03,Calculus IIA,4.0,MATH 161,MW,325 PM,440 PM,NSE,Fall,Peter Oberly
MATH 162-04,Calculus IIA,4.0,MATH 161,MW,1230 PM,145 PM,NSE,Fall,Peter Oberly
MATH 164-1,Multivariable Calculus,4.0,MATH 162,MW,900 AM,1015 AM,NSE,Fall,Sema Salur
MATH 164-2,Multivariable Calculus,4.0,MATH 162,TR,940 AM,1055 AM,NSE,Fall,Hari Rau-Murthy
MATH 164-3,Multivariable Calculus,4.0,MATH 162,MW,1230 PM,145 PM,NSE,Fall,Sema Salur
MATH 165-01,Linear Algebra with Differential Equations,4.0,MATH 162,MW,1025 AM,1140 AM,NSE,Fall,Min Sik Han
MATH 165-02,Linear Algebra with Differential Equations,4.0,MATH 162,TR,1230 PM,145 PM,NSE,Fall,Neeraja Kulkarni
MATH 165-03,Linear Algebra with Differential Equations,4.0,MATH 162,MW,325 PM,440 PM,NSE,Fall,Min Sik Han
MATH 165-05,Linear Algebra with Differential Equations,4.0,MATH 162,MW,200 PM,315 PM,NSE,Fall,Zheng Zhu
MATH 190-1,Topics in Problem Solving,1.0,MATH 165,M,450 PM,605 PM,NSE,Fall,Dan Geba
MATH 200-01,Transition to Advanced Mathematics,4.0,MATH 162,TR,1230 PM,145 PM,NSE,Fall,Dan Geba
MATH 200WM-1,Transition to Advanced Mathematics,0.5,MATH 200,MW,1200 AM,1201 AM,NSE,Fall,Dan Geba
MATH 201-01,Introduction to Probability,4.0,MATH 162,MW,1025 AM,1140 AM,NSE,Fall,Mary Cook
MATH 201-02,Introduction to Probability,4.0,MATH 162,MW,200 PM,315 PM,NSE,Fall,Mary Cook
MATH 201-03,Introduction to Probability,4.0,MATH 162,TR,200 PM,315 PM,NSE,Fall,Neeraja Kulkarni
MATH 203-01,Intro to Math Statistics,4.0,MATH 203,TR,325 PM,440 PM,NSE,Fall,Javier Bautista
MATH 217-1,Mathematical Models in Political Science,4.0,MATH 161,MW,1230 PM,145 PM,NSE,Fall,Thomas Tucker
MATH 225-01,Intermediate Logic,4.0,,MW,200 PM,315 PM,NSE,Fall,Zeynep Soysal
MATH 230-1,Introduction to Number Theory,4.0,MATH 200,MW,200 PM,315 PM,NSE,Fall,Juan Rivera Letelier
MATH 235-01,Linear Algebra,4.0,MATH 165,MW,200 PM,315 PM,NSE,Fall,FNU Anudeep Kumar
MATH 235-02,Linear Algebra,4.0,MATH 165,MW,1230 PM,145 PM,NSE,Fall,Dinesh Thakur
MATH 235WM-1,Linear Algebra,0.5,MATH 235,MW,1200 AM,1201 AM,NSE,Fall,FNU Anudeep Kumar
MATH 235WM-2,Linear Algebra,0.5,MATH 235,MW,1200 AM,1201 AM,NSE,Fall,Dinesh Thakur
MATH 237-1,Introduction to Algebra II,4.0,MATH 236,MW,200 PM,315 PM,NSE,Fall,Naomi Jochnowitz
MATH 238-1,Combinatorics,4.0,MATH 235,MW,900 AM,1015 AM,NSE,Fall,Juan Rivera Letelier
MATH 255-1,Differential Geometry,4.0,"MATH 164, MATH 235",MW,1025 AM,1140 AM,NSE,Fall,Surena Hozoori
MATH 265-01,Real Analysis I,4.0,"MATH 164, MATH 235",MW,1025 AM,1140 AM,NSE,Fall,Wei-Cheng Huang
MATH 265-02,Real Analysis I,4.0,"MATH 164, MATH 235",MW,1230 PM,145 PM,NSE,Fall,Woongbae Park
MATH 265WM-1,Real Analysis I,0.5,MATH 265,MW,1200 AM,1201 AM,NSE,Fall,Wei-Cheng Huang
MATH 265WM-2,Real Analysis I,0.5,MATH 265,MW,1200 AM,1201 AM,NSE,Fall,Woongbae Park
MATH 280-1,Introduction to Numerical Analysis,4.0,MATH 235,TR,940 AM,1055 AM,NSE,Fall,Ophelia Adams
MATH 280WM-1,Introduction to Numerical Analysis,0.5,MATH 280,,,,NSE,Fall,Ophelia Adams
MATH 281-1,Applied Boundary Value Problems,4.0,,MWF,1150 AM,1240 PM,NSE,Fall,Hussein Aluie
MATH 391-1,Independent Study,4.0,,MW,1200 AM,1201 AM,NSE,Fall,Alex Iosevich
MATH 391-3,Independent Study,4.0,,MW,1200 AM,1201 AM,NSE,Fall,Alex Iosevich
MATH 430-1,Algebraic Number Theory,4.0,MATH 436,MW,1025 AM,1140 AM,NSE,Fall,Thomas Tucker
MATH 436-1,Algebra I,4.0,MATH 237,MW,450 PM,605 PM,NSE,Fall,Naomi Jochnowitz
MATH 440-1,General Topology,4.0,MATH 265,TR,1230 PM,145 PM,NSE,Fall,Jonathan Pakianathan
MATH 443-1,Algebraic Topology,4.0,"MATH 436, MATH 440",MW,200 PM,315 PM,NSE,Fall,Douglas Ravenel
MATH 471-1,Analysis I,4.0,MATH 265,TR,940 AM,1055 AM,NSE,Fall,Arjun Krishnan
MATH 472-1,Analysis III,4.0,"MATH 467, MATH 471",MW,325 PM,440 PM,NSE,Fall,Allan Greenleaf
MATH 504-1,Stochastic Processes,4.0,,TR,940 AM,1055 AM,NSE,Fall,Carl Mueller
MATH 540-1,Topics in Combinatorics,4.0,,TR,1105 AM,1220 PM,NSE,Fall,Jonathan Pakianathan
MATH 141-01,Calculus I,4.0,,MW,900 AM,1015 AM,NSE,Spring,Hari Nathan
MATH 141-02,Calculus I,4.0,,MW,200 PM,315 PM,NSE,Spring,Ophelia Adams
MATH 142-01,Calculus II,4.0,MATH 141,TR,940 AM,1055 AM,NSE,Spring,Nathanael Grand
MATH 142-02,Calculus II,4.0,MATH 141,MW,1230 PM,145 PM,NSE,Spring,Mary Cook
MATH 142-03,Calculus II,4.0,MATH 141,MW,1025 AM,1140 AM,NSE,Spring,Wei-Cheng Huang
MATH 142-04,Calculus II,4.0,MATH 141,MW,900 AM,1015 AM,NSE,Spring,Woongbae Park
MATH 143-01,Calculus III,4.0,"MATH 141, MATH 142",MW,1230 PM,145 PM,NSE,Spring,Kiera Harmatz-Kean
MATH 143-02,Calculus III,4.0,"MATH 141, MATH 142",MW,900 AM,1015 AM,NSE,Spring,Donovan Snyder
MATH 150-01,Discrete Mathematics,4.0,,MW,1025 AM,1140 AM,NSE,Spring,FNU Anudeep Kumar
MATH 150-02,Discrete Mathematics,4.0,,MW,200 PM,315 PM,NSE,Spring,FNU Anudeep Kumar
MATH 161-01,Calculus IA,4.0,,MW,200 PM,315 PM,NSE,Spring,Woongbae Park
MATH 161-02,Calculus IA,4.0,,MW,900 AM,1015 AM,NSE,Spring,Wei-Cheng Huang
MATH 162-01,Calculus IIA,4.0,MATH 161,TR,1230 PM,145 PM,NSE,Spring,Surena Hozoori
MATH 162-02,Calculus IIA,4.0,MATH 161,TR,325 PM,440 PM,NSE,Spring,Surena Hozoori
MATH 162-03,Calculus IIA,4.0,MATH 161,MW,1230 PM,145 PM,NSE,Spring,Quy Pham
MATH 162-04,Calculus IIA,4.0,MATH 161,TR,940 AM,1055 AM,NSE,Spring,Ahmad Almomani
MATH 162-05,Calculus IIA,4.0,MATH 161,MW,900 AM,1015 AM,NSE,Spring,John Lin
MATH 164-01,Multivariable Calculus,4.0,MATH 162,MW,1230 PM,145 PM,NSE,Spring,Hari Rau-Murthy
MATH 164-02,Multivariable Calculus,4.0,MATH 162,MW,1025 AM,1140 AM,NSE,Spring,Amanda Tucker
MATH 164-3,Multivariable Calculus,4.0,MATH 162,MW,325 PM,440 PM,NSE,Spring,Min Sik Han
MATH 165-01,Linear Algebra with Differential Equations,4.0,MATH 162,MW,1025 AM,1140 AM,NSE,Spring,Kalyani Madhu
MATH 165-02,Linear Algebra with Differential Equations,4.0,MATH 162,MW,1230 PM,145 PM,NSE,Spring,Matthew Dannenberg
MATH 165-03,Linear Algebra with Differential Equations,4.0,MATH 162,MW,900 AM,1015 AM,NSE,Spring,Neeraja Kulkarni
MATH 165-04,Linear Algebra with Differential Equations,4.0,MATH 162,MW,200 PM,315 PM,NSE,Spring,Peter Oberly
MATH 165-05,Linear Algebra with Differential Equations,4.0,MATH 162,TR,1230 PM,145 PM,NSE,Spring,Ahmad Almomani
MATH 200-01,Transition to Advanced Mathematics,4.0,MATH 162,MW,900 AM,1015 AM,NSE,Spring,Saul Lubkin
MATH 200WM-1,Transition to Advanced Mathematics,0.5,,MW,1200 AM,1201 AM,NSE,Spring,Saul Lubkin
MATH 201-01,Introduction to Probability,4.0,MATH 162,MW,1025 AM,1140 AM,NSE,Spring,Peter Oberly
MATH 201-02,Introduction to Probability,4.0,MATH 162,MW,1230 PM,145 PM,NSE,Spring,Carl Mueller
MATH 201-03,Introduction to Probability,4.0,MATH 162,MW,200 PM,315 PM,NSE,Spring,Carl Mueller
MATH 202-1,Introduction to Stochastic Processes,4.0,"MATH 201, MATH 165",MW,1025 AM,1140 AM,NSE,Spring,Neeraja Kulkarni
MATH 203-01,Intro to Math Statistics,4.0,MATH 203,TR,325 PM,440 PM,NSE,Spring,Javier Bautista
MATH 209-1,Operations Research II: Stochastic Models and Queueing Theory,4.0,"MATH 208, MATH 210",TR,940 AM,1055 AM,NSE,Spring,Mark Herman
MATH 218-1,Mathematical Modeling in Life Sciences,4.0,MATH 165,MW,325 PM,440 PM,NSE,Spring,Ophelia Adams
MATH 233-1,Mathematical Cryptography,4.0,MATH 200,MW,1230 PM,145 PM,NSE,Spring,Saul Lubkin
MATH 235-01,Linear Algebra,4.0,MATH 165,MW,200 PM,315 PM,NSE,Spring,Kalyani Madhu
MATH 235-04,Linear Algebra,4.0,MATH 165,MW,1025 AM,1140 AM,NSE,Spring,Hari Rau-Murthy
MATH 235WM-01,Linear Algebra,0.5,MATH 235,MW,1200 AM,1201 AM,NSE,Spring,Kalyani Madhu
MATH 235WM-04,Linear Algebra,0.5,MATH 235,MW,1200 AM,1201 AM,NSE,Spring,Hari Rau-Murthy
MATH 236-2,Abstract Algebra I,4.0,MATH 236,MW,200 PM,315 PM,NSE,Spring,Min Sik Han
MATH 236WM-2,Abstract Algebra I,0.5,MATH 236,MW,1200 AM,1201 AM,NSE,Spring,Min Sik Han
MATH 240-1,Introduction to Topology,4.0,"MATH 164, MATH 235",MW,1230 PM,145 PM,NSE,Spring,Allan Greenleaf
MATH 240WM-1,Introduction to Topology,0.5,MATH 240,MW,1200 AM,1201 AM,NSE,Spring,Allan Greenleaf
MATH 248-1,Graph Theory,4.0,MATH 235,TR,1230 PM,145 PM,NSE,Spring,Arjun Krishnan
MATH 250-1,Introduction to Geometry,4.0,MATH 235,MW,325 PM,440 PM,NSE,Spring,Mary Cook
MATH 263-1,Theory of Ordinary Differential Equations,4.0,MATH 165,MW,200 PM,315 PM,NSE,Spring,Dan Geba
MATH 266-1,Real Analysis II,4.0,MATH 265,MW,900 AM,1015 AM,NSE,Spring,Juan Rivera Letelier
MATH 282-2,Introduction to Complex Analysis,4.0,MATH 164,MW,1025 AM,1140 AM,NSE,Spring,Mark Herman
MATH 294-01,Nonlinear Optimization,4.0,"MATH 164, MATH 165",TR,200 PM,315 PM,NSE,Spring,Jiaming Liang
MATH 300W-1,History of Mathematics,4.0,MATH 200,MW,325 PM,440 PM,NSE,Spring,Matthew Dannenberg
MATH 403-1,Theory of Probability,4.0,MATH 471,TR,940 AM,1055 AM,NSE,Spring,Arjun Krishnan
MATH 437-1,Algebra II,4.0,MATH 436,MW,450 PM,605 PM,NSE,Spring,Naomi Jochnowitz
MATH 448-01,Computational Topology,4.0,"MATH 165, MATH 164, MATH 240",MW,1230 PM,145 PM,NSE,Spring,Jonathan Pakianathan
MATH 453-1,Differentiable Manifolds,4.0,"MATH 255, MATH 265",TR,200 PM,315 PM,NSE,Spring,Stephen Kleene
MATH 467-1,Analysis II,4.0,MATH 471,MW,1025 AM,1140 AM,NSE,Spring,Dinesh Thakur
MATH 506-1,Topics in Probability: Random Matrix Theory,4.0,,TR,1230 PM,145 PM,NSE,Spring,Sevak Mkrtchyan
MATH 533-01,Algebraic Curves,4.0,,MW,1230 PM,145 PM,NSE,Spring,Dinesh Thakur
MATH 565-1,Partial Differential Equation,4.0,,TR,940 AM,1055 AM,NSE,Spring,Xuwen Chen
MATH 578-01,Topics in Harmonic Analysis,4.0,,M,600 PM,830 PM,NSE,Spring,Alex Iosevich